Fecha,Pruebas,Incidentes,H,H_UCI,Defunciones,Asintomaticos,Sintomaticos
2020-03-08,130.0,1.0,0.0,0.0,0.0,2.0,1.0
2020-03-09,21.0,3.0,0.0,0.0,0.0,0.0,4.0
2020-03-10,39.0,6.0,0.0,0.0,0.0,0.0,4.0
2020-03-11,116.0,12.0,0.0,0.0,0.0,2.0,10.0
2020-03-12,136.0,9.0,4.0,1.0,0.0,5.0,7.0
2020-03-13,228.0,12.0,8.0,1.0,0.0,3.0,9.0
2020-03-14,196.0,23.0,8.0,2.0,0.0,5.0,19.0
2020-03-15,121.0,18.0,13.0,2.0,0.0,4.0,14.0
2020-03-16,147.0,24.0,18.0,3.0,0.0,5.0,14.0
2020-03-17,226.0,39.0,22.0,4.0,0.0,23.0,16.0
2020-03-18,282.0,28.0,36.0,6.0,0.0,20.0,9.0
2020-03-19,307.0,38.0,47.0,11.0,0.0,20.0,11.0
2020-03-20,333.0,35.0,61.0,14.0,1.0,27.0,19.0
2020-03-21,362.0,58.0,78.0,16.0,0.0,25.0,26.0
2020-03-22,346.0,50.0,80.0,23.0,2.0,17.0,12.0
2020-03-23,207.0,52.0,99.0,26.0,0.0,35.0,22.0
2020-03-24,496.0,113.0,127.0,33.0,4.0,29.0,99.0
2020-03-25,496.0,75.0,172.0,36.0,3.0,17.0,62.0
2020-03-26,728.0,119.0,209.0,53.0,9.0,26.0,71.0
2020-03-27,715.0,86.0,231.0,58.0,6.0,15.0,58.0
2020-03-28,517.0,62.0,260.0,57.0,6.0,15.0,46.0
2020-03-29,402.0,50.0,265.0,57.0,9.0,8.0,42.0
2020-03-30,250.0,46.0,283.0,59.0,3.0,18.0,31.0
2020-03-31,616.0,60.0,304.0,57.0,6.0,31.0,20.0
2020-04-01,598.0,34.0,287.0,58.0,4.0,13.0,23.0
2020-04-02,572.0,71.0,284.0,57.0,9.0,26.0,34.0
2020-04-03,460.0,38.0,284.0,57.0,6.0,6.0,37.0
2020-04-04,587.0,43.0,290.0,58.0,4.0,9.0,36.0
2020-04-05,331.0,18.0,298.0,53.0,14.0,13.0,6.0
2020-04-06,221.0,31.0,293.0,51.0,3.0,15.0,15.0
2020-04-07,540.0,25.0,273.0,50.0,4.0,14.0,19.0
2020-04-08,606.0,16.0,262.0,47.0,6.0,14.0,19.0
2020-04-09,546.0,40.0,244.0,49.0,2.0,17.0,25.0
2020-04-10,394.0,11.0,231.0,42.0,3.0,4.0,7.0
2020-04-11,306.0,7.0,220.0,44.0,4.0,19.0,8.0
2020-04-12,363.0,4.0,221.0,43.0,3.0,5.0,6.0
2020-04-13,455.0,6.0,211.0,41.0,1.0,5.0,17.0
2020-04-14,931.0,18.0,200.0,36.0,3.0,31.0,25.0
2020-04-15,760.0,12.0,186.0,36.0,0.0,29.0,19.0
2020-04-16,581.0,1.0,160.0,34.0,2.0,4.0,10.0
2020-04-17,474.0,8.0,152.0,36.0,4.0,6.0,15.0
2020-04-18,503.0,10.0,145.0,31.0,1.0,2.0,7.0
2020-04-19,390.0,2.0,128.0,30.0,2.0,2.0,1.0
2020-04-20,561.0,5.0,129.0,27.0,0.0,3.0,23.0
2020-04-21,730.0,9.0,127.0,25.0,1.0,7.0,14.0
2020-04-22,719.0,4.0,117.0,28.0,1.0,3.0,3.0
2020-04-23,662.0,9.0,105.0,22.0,1.0,11.0,18.0
2020-04-24,531.0,7.0,99.0,22.0,1.0,4.0,18.0
2020-04-25,443.0,2.0,95.0,22.0,1.0,1.0,3.0
2020-04-26,330.0,1.0,82.0,22.0,2.0,1.0,2.0
2020-04-27,133.0,1.0,82.0,22.0,0.0,6.0,24.0
2020-04-28,557.0,6.0,71.0,20.0,0.0,18.0,34.0
2020-04-29,539.0,4.0,69.0,19.0,0.0,14.0,35.0
2020-04-30,627.0,4.0,71.0,19.0,2.0,11.0,56.0
2020-05-01,497.0,2.0,72.0,20.0,1.0,1.0,0.0
2020-05-02,129.0,1.0,71.0,18.0,3.0,3.0,4.0
2020-05-03,328.0,0.0,71.0,17.0,0.0,4.0,2.0
2020-05-04,232.0,3.0,69.0,17.0,0.0,24.0,49.0
2020-05-05,636.0,2.0,66.0,15.0,1.0,14.0,59.0
2020-05-06,609.0,6.0,56.0,13.0,0.0,32.0,41.0
2020-05-07,659.0,2.0,58.0,11.0,1.0,25.0,37.0
2020-05-08,613.0,1.0,51.0,13.0,0.0,34.0,26.0
2020-05-09,426.0,7.0,45.0,13.0,0.0,3.0,2.0
2020-05-10,566.0,4.0,41.0,12.0,0.0,0.0,6.0
2020-05-11,162.0,2.0,39.0,12.0,0.0,1.0,2.0
2020-05-12,756.0,9.0,35.0,12.0,1.0,2.0,6.0
2020-05-13,680.0,6.0,32.0,12.0,0.0,2.0,3.0
2020-05-14,736.0,4.0,37.0,12.0,1.0,2.0,9.0
2020-05-15,616.0,7.0,36.0,9.0,0.0,1.0,4.0
2020-05-16,803.0,5.0,32.0,9.0,0.0,0.0,1.0
2020-05-17,446.0,3.0,32.0,9.0,1.0,1.0,3.0
2020-05-18,276.0,1.0,37.0,8.0,0.0,0.0,3.0
2020-05-19,604.0,3.0,35.0,7.0,0.0,1.0,4.0
2020-05-20,926.0,6.0,35.0,7.0,0.0,0.0,5.0
2020-05-21,875.0,6.0,33.0,6.0,1.0,0.0,2.0
2020-05-22,912.0,4.0,30.0,3.0,0.0,1.0,2.0
2020-05-23,810.0,3.0,31.0,7.0,0.0,1.0,2.0
2020-05-24,726.0,2.0,21.0,4.0,0.0,0.0,6.0
2020-05-25,241.0,4.0,25.0,4.0,0.0,0.0,0.0
2020-05-26,782.0,5.0,26.0,4.0,0.0,0.0,3.0
2020-05-27,869.0,3.0,24.0,4.0,0.0,1.0,2.0
2020-05-28,1630.0,5.0,24.0,4.0,0.0,3.0,1.0
2020-05-29,837.0,2.0,23.0,4.0,0.0,1.0,1.0
2020-05-30,714.0,0.0,23.0,4.0,0.0,1.0,0.0
2020-05-31,318.0,0.0,23.0,4.0,0.0,0.0,0.0
2020-06-01,826.0,2.0,26.0,4.0,0.0,3.0,1.0
2020-06-02,938.0,5.0,27.0,4.0,0.0,2.0,1.0
2020-06-03,902.0,9.0,27.0,4.0,0.0,1.0,4.0
2020-06-04,557.0,2.0,26.0,4.0,0.0,1.0,1.0
2020-06-05,763.0,2.0,26.0,4.0,0.0,0.0,2.0
2020-06-06,525.0,1.0,26.0,4.0,0.0,0.0,1.0
2020-06-07,321.0,1.0,26.0,4.0,0.0,0.0,1.0
2020-06-08,743.0,2.0,23.0,4.0,1.0,2.0,2.0
2020-06-09,790.0,2.0,23.0,4.0,0.0,0.0,2.0
2020-06-10,693.0,2.0,18.0,4.0,0.0,0.0,1.0
2020-06-11,628.0,1.0,18.0,4.0,0.0,0.0,1.0
2020-06-12,695.0,0.0,12.0,3.0,0.0,0.0,0.0
2020-06-13,645.0,1.0,10.0,3.0,0.0,0.0,1.0
2020-06-14,457.0,0.0,10.0,3.0,0.0,0.0,0.0
2020-06-15,591.0,1.0,8.0,2.0,0.0,0.0,1.0
2020-06-16,876.0,4.0,7.0,2.0,0.0,1.0,1.0
2020-06-17,905.0,3.0,7.0,2.0,0.0,1.0,2.0
2020-06-18,1111.0,6.0,6.0,2.0,0.0,1.0,4.0
2020-06-19,768.0,6.0,7.0,2.0,0.0,1.0,3.0
2020-06-20,834.0,7.0,7.0,2.0,0.0,2.0,2.0
2020-06-21,112.0,1.0,7.0,2.0,0.0,2.0,2.0
2020-06-22,824.0,1.0,7.0,2.0,0.0,0.0,1.0
2020-06-23,1101.0,3.0,7.0,2.0,0.0,1.0,1.0
2020-06-24,1053.0,2.0,7.0,2.0,0.0,1.0,1.0
2020-06-25,796.0,3.0,9.0,1.0,0.0,0.0,4.0
2020-06-26,811.0,10.0,9.0,1.0,0.0,3.0,5.0
2020-06-27,998.0,9.0,9.0,1.0,0.0,2.0,4.0
2020-06-28,194.0,1.0,9.0,1.0,0.0,2.0,2.0
2020-06-29,883.0,4.0,9.0,1.0,0.0,4.0,0.0
2020-06-30,672.0,11.0,14.0,1.0,0.0,3.0,5.0
2020-07-01,1539.0,4.0,13.0,1.0,1.0,1.0,2.0
2020-07-02,702.0,5.0,13.0,1.0,0.0,0.0,6.0
2020-07-03,348.0,3.0,14.0,1.0,0.0,3.0,0.0
2020-07-04,776.0,5.0,14.0,1.0,0.0,2.0,1.0
2020-07-05,946.0,2.0,13.0,2.0,0.0,2.0,0.0
2020-07-06,990.0,4.0,12.0,2.0,0.0,1.0,2.0
2020-07-07,1031.0,8.0,17.0,3.0,0.0,2.0,6.0
2020-07-08,906.0,11.0,18.0,3.0,0.0,2.0,9.0
2020-07-09,932.0,7.0,18.0,2.0,0.0,2.0,4.0
2020-07-10,826.0,9.0,18.0,2.0,0.0,1.0,8.0
2020-07-11,843.0,21.0,22.0,2.0,0.0,11.0,8.0
2020-07-12,719.0,7.0,21.0,0.0,0.0,3.0,6.0
2020-07-13,1052.0,4.0,20.0,0.0,0.0,1.0,3.0
2020-07-14,1193.0,6.0,20.0,0.0,0.0,0.0,4.0
2020-07-15,1111.0,5.0,19.0,0.0,0.0,3.0,2.0
2020-07-16,938.0,22.0,21.0,1.0,0.0,3.0,16.0
2020-07-17,848.0,25.0,21.0,1.0,0.0,3.0,20.0
2020-07-18,0.0,20.0,21.0,1.0,0.0,6.0,9.0
2020-07-19,532.0,20.0,20.0,1.0,0.0,11.0,18.0
2020-07-20,2097.0,13.0,20.0,1.0,0.0,1.0,11.0
2020-07-21,1637.0,30.0,16.0,1.0,0.0,8.0,23.0
2020-07-22,1320.0,75.0,16.0,1.0,0.0,22.0,50.0
2020-07-23,1478.0,61.0,16.0,1.0,0.0,24.0,47.0
2020-07-24,1427.0,55.0,18.0,2.0,0.0,40.0,27.0
2020-07-25,1466.0,66.0,19.0,2.0,0.0,42.0,29.0
2020-07-26,1039.0,49.0,25.0,2.0,0.0,17.0,25.0
2020-07-27,1087.0,29.0,35.0,1.0,0.0,9.0,24.0
2020-07-28,1286.0,50.0,52.0,1.0,0.0,21.0,31.0
2020-07-29,1762.0,89.0,56.0,2.0,0.0,29.0,66.0
2020-07-30,1771.0,84.0,54.0,1.0,0.0,16.0,50.0
2020-07-31,1315.0,52.0,60.0,2.0,0.0,19.0,34.0
2020-08-01,1767.0,97.0,60.0,2.0,0.0,32.0,45.0
2020-08-02,745.0,49.0,64.0,2.0,0.0,16.0,29.0
2020-08-03,966.0,31.0,73.0,5.0,0.0,11.0,28.0
2020-08-04,1206.0,90.0,76.0,4.0,0.0,26.0,67.0
2020-08-05,1719.0,77.0,72.0,6.0,0.0,15.0,60.0
2020-08-06,1703.0,117.0,79.0,8.0,0.0,22.0,61.0
2020-08-07,1690.0,86.0,49.0,10.0,0.0,36.0,67.0
2020-08-08,1759.0,98.0,58.0,10.0,0.0,30.0,48.0
2020-08-09,585.0,44.0,66.0,11.0,0.0,9.0,32.0
2020-08-10,1105.0,40.0,63.0,9.0,0.0,14.0,27.0
2020-08-11,1903.0,119.0,52.0,10.0,1.0,36.0,86.0
2020-08-12,1574.0,131.0,52.0,10.0,0.0,38.0,75.0
2020-08-13,1989.0,139.0,64.0,13.0,0.0,65.0,79.0
2020-08-14,2140.0,137.0,73.0,14.0,0.0,54.0,87.0
2020-08-15,2065.0,153.0,78.0,13.0,2.0,57.0,81.0
2020-08-16,2034.0,81.0,77.0,12.0,0.0,23.0,53.0
2020-08-17,829.0,97.0,98.0,15.0,0.0,21.0,75.0
2020-08-18,1912.0,116.0,100.0,17.0,1.0,28.0,75.0
2020-08-19,1868.0,120.0,106.0,15.0,0.0,30.0,95.0
2020-08-20,2123.0,163.0,112.0,15.0,1.0,46.0,129.0
2020-08-21,2312.0,245.0,116.0,16.0,0.0,99.0,188.0
2020-08-22,2324.0,266.0,120.0,18.0,0.0,66.0,194.0
2020-08-23,1952.0,200.0,120.0,19.0,0.0,58.0,122.0
2020-08-24,1537.0,189.0,164.0,21.0,1.0,48.0,104.0
2020-08-25,2730.0,356.0,166.0,22.0,1.0,90.0,212.0
2020-08-26,1516.0,247.0,168.0,24.0,0.0,94.0,174.0
2020-08-27,2805.0,309.0,166.0,24.0,1.0,101.0,219.0
2020-08-28,2956.0,364.0,180.0,25.0,0.0,101.0,246.0
2020-08-29,2214.0,256.0,185.0,29.0,0.0,86.0,162.0
2020-08-30,2818.0,322.0,189.0,33.0,0.0,77.0,191.0
2020-08-31,2578.0,277.0,242.0,34.0,0.0,66.0,186.0
2020-09-01,2987.0,328.0,207.0,36.0,1.0,75.0,220.0
2020-09-02,2853.0,447.0,225.0,39.0,0.0,121.0,305.0
2020-09-03,2547.0,403.0,219.0,51.0,2.0,101.0,283.0
2020-09-04,2985.0,414.0,224.0,48.0,1.0,106.0,280.0
2020-09-05,2218.0,423.0,235.0,50.0,0.0,89.0,289.0
2020-09-06,2178.0,291.0,265.0,50.0,3.0,68.0,212.0
2020-09-07,2124.0,251.0,304.0,56.0,1.0,61.0,194.0
2020-09-08,3029.0,384.0,314.0,56.0,2.0,92.0,262.0
2020-09-09,2989.0,478.0,337.0,62.0,2.0,111.0,357.0
2020-09-10,3442.0,458.0,339.0,60.0,6.0,140.0,276.0
2020-09-11,3522.0,477.0,344.0,60.0,4.0,148.0,286.0
2020-09-12,3102.0,466.0,346.0,61.0,2.0,131.0,300.0
2020-09-13,2132.0,462.0,344.0,60.0,3.0,148.0,275.0
2020-09-14,3341.0,530.0,330.0,58.0,1.0,153.0,350.0
2020-09-15,3287.0,500.0,328.0,59.0,7.0,142.0,300.0
2020-09-16,3497.0,464.0,330.0,58.0,0.0,146.0,269.0
2020-09-17,4220.0,647.0,317.0,59.0,2.0,182.0,402.0
2020-09-18,3584.0,609.0,312.0,59.0,0.0,206.0,332.0
2020-09-19,4032.0,592.0,314.0,59.0,3.0,174.0,309.0
2020-09-20,2247.0,273.0,317.0,59.0,0.0,75.0,174.0
2020-09-21,2547.0,288.0,317.0,59.0,3.0,103.0,158.0
2020-09-22,4153.0,486.0,321.0,58.0,3.0,169.0,247.0
2020-09-23,3773.0,455.0,323.0,57.0,3.0,145.0,300.0
2020-09-24,7704.0,701.0,322.0,58.0,3.0,267.0,381.0
2020-09-25,2301.0,431.0,322.0,58.0,2.0,162.0,259.0
2020-09-26,1192.0,470.0,331.0,63.0,2.0,194.0,263.0
2020-09-27,2695.0,415.0,340.0,64.0,2.0,126.0,233.0
2020-09-28,2122.0,217.0,343.0,68.0,1.0,82.0,159.0
2020-09-29,3785.0,383.0,329.0,70.0,4.0,116.0,254.0
2020-09-30,3643.0,394.0,321.0,70.0,3.0,148.0,234.0
2020-10-01,3258.0,432.0,324.0,71.0,0.0,124.0,280.0
2020-10-02,3492.0,433.0,320.0,70.0,3.0,138.0,279.0
2020-10-03,3520.0,451.0,325.0,71.0,1.0,143.0,259.0
2020-10-04,2738.0,403.0,332.0,72.0,1.0,117.0,233.0
2020-10-05,2603.0,307.0,376.0,78.0,1.0,120.0,224.0
2020-10-06,3675.0,512.0,363.0,66.0,1.0,149.0,337.0
2020-10-07,4088.0,487.0,372.0,69.0,6.0,163.0,297.0
2020-10-08,3863.0,433.0,368.0,66.0,5.0,123.0,304.0
2020-10-09,3411.0,443.0,355.0,62.0,2.0,131.0,284.0
2020-10-10,3254.0,357.0,353.0,68.0,4.0,99.0,246.0
2020-10-11,2328.0,400.0,357.0,68.0,6.0,110.0,254.0
2020-10-12,2185.0,318.0,361.0,69.0,3.0,89.0,231.0
2020-10-13,2875.0,375.0,364.0,67.0,3.0,90.0,286.0
2020-10-14,4339.0,718.0,369.0,70.0,2.0,213.0,460.0
2020-10-15,5859.0,597.0,374.0,72.0,2.0,162.0,423.0
2020-10-16,4015.0,580.0,376.0,73.0,5.0,169.0,374.0
2020-10-17,4435.0,711.0,381.0,75.0,2.0,215.0,473.0
2020-10-18,2195.0,337.0,393.0,77.0,5.0,104.0,219.0
2020-10-19,2762.0,441.0,401.0,78.0,6.0,128.0,317.0
2020-10-20,4656.0,741.0,407.0,77.0,3.0,192.0,518.0
2020-10-21,4987.0,750.0,412.0,77.0,4.0,191.0,531.0
2020-10-22,4975.0,864.0,418.0,77.0,4.0,249.0,571.0
2020-10-23,5480.0,1022.0,427.0,77.0,4.0,331.0,642.0
2020-10-24,4652.0,781.0,447.0,81.0,6.0,240.0,468.0
2020-10-25,3870.0,595.0,467.0,83.0,10.0,173.0,380.0
2020-10-26,3675.0,605.0,491.0,86.0,8.0,116.0,460.0
2020-10-27,6079.0,985.0,500.0,87.0,9.0,295.0,650.0
2020-10-28,5651.0,891.0,510.0,89.0,6.0,234.0,617.0
2020-10-29,5918.0,908.0,514.0,89.0,8.0,258.0,592.0
2020-10-30,5829.0,1021.0,516.0,98.0,8.0,303.0,671.0
2020-10-31,5043.0,775.0,532.0,100.0,11.0,265.0,494.0
2020-11-01,3625.0,533.0,538.0,100.0,14.0,161.0,347.0
2020-11-02,4030.0,642.0,556.0,100.0,13.0,197.0,439.0
2020-11-03,6362.0,1122.0,577.0,98.0,7.0,300.0,764.0
2020-11-04,5624.0,952.0,593.0,98.0,15.0,279.0,647.0
2020-11-05,5702.0,1062.0,595.0,96.0,14.0,292.0,726.0
2020-11-06,6731.0,1053.0,601.0,99.0,10.0,311.0,715.0
2020-11-07,5287.0,852.0,593.0,98.0,13.0,299.0,520.0
2020-11-08,2913.0,394.0,597.0,99.0,14.0,125.0,252.0
2020-11-09,5389.0,834.0,627.0,106.0,12.0,245.0,578.0
2020-11-10,6529.0,925.0,629.0,103.0,6.0,267.0,617.0
2020-11-11,6202.0,877.0,632.0,102.0,13.0,302.0,561.0
2020-11-12,6169.0,748.0,626.0,104.0,12.0,247.0,468.0
2020-11-13,6059.0,632.0,626.0,104.0,7.0,214.0,392.0
2020-11-14,3761.0,465.0,608.0,104.0,9.0,188.0,255.0
2020-11-15,2425.0,267.0,610.0,106.0,4.0,107.0,154.0
2020-11-16,4313.0,463.0,617.0,102.0,10.0,107.0,319.0
2020-11-17,5448.0,516.0,598.0,106.0,11.0,177.0,329.0
2020-11-18,5115.0,497.0,571.0,109.0,13.0,165.0,311.0
2020-11-19,4120.0,377.0,534.0,109.0,12.0,123.0,234.0
2020-11-20,4243.0,316.0,500.0,105.0,8.0,106.0,192.0
2020-11-21,3194.0,290.0,473.0,103.0,6.0,108.0,165.0
2020-11-22,1210.0,88.0,473.0,103.0,9.0,37.0,44.0
2020-11-23,4027.0,239.0,493.0,101.0,9.0,69.0,177.0
2020-11-24,3963.0,273.0,456.0,93.0,8.0,107.0,165.0
2020-11-25,4382.0,300.0,449.0,91.0,7.0,101.0,174.0
2020-11-26,3751.0,253.0,426.0,93.0,4.0,104.0,153.0
2020-11-27,3372.0,246.0,409.0,89.0,4.0,100.0,145.0
2020-11-28,2372.0,179.0,373.0,90.0,3.0,79.0,82.0
2020-11-29,1050.0,42.0,371.0,90.0,3.0,23.0,21.0
2020-11-30,3201.0,176.0,395.0,87.0,3.0,61.0,114.0
2020-12-01,3480.0,255.0,377.0,87.0,8.0,74.0,170.0
2020-12-02,3014.0,227.0,341.0,82.0,3.0,89.0,131.0
2020-12-03,2393.0,152.0,326.0,78.0,2.0,55.0,97.0
2020-12-04,2857.0,228.0,295.0,77.0,5.0,111.0,105.0
2020-12-05,1677.0,168.0,277.0,79.0,7.0,62.0,101.0
2020-12-06,683.0,25.0,272.0,79.0,4.0,4.0,17.0
2020-12-07,1691.0,108.0,261.0,69.0,6.0,39.0,66.0
2020-12-08,1117.0,63.0,256.0,69.0,5.0,23.0,37.0
2020-12-09,3096.0,217.0,267.0,67.0,6.0,70.0,144.0
2020-12-10,3166.0,224.0,250.0,65.0,5.0,79.0,139.0
2020-12-11,2996.0,265.0,255.0,68.0,6.0,83.0,163.0
2020-12-12,2423.0,158.0,225.0,70.0,4.0,58.0,93.0
2020-12-13,1319.0,80.0,228.0,69.0,0.0,16.0,60.0
2020-12-14,2900.0,218.0,242.0,71.0,7.0,67.0,144.0
2020-12-15,2898.0,181.0,246.0,69.0,3.0,50.0,130.0
2020-12-16,3415.0,219.0,238.0,65.0,4.0,74.0,134.0
2020-12-17,2621.0,196.0,231.0,63.0,2.0,59.0,137.0
2020-12-18,2926.0,217.0,231.0,63.0,8.0,64.0,148.0
2020-12-19,2334.0,164.0,223.0,64.0,2.0,55.0,98.0
2020-12-20,975.0,33.0,220.0,63.0,4.0,12.0,20.0
2020-12-21,2904.0,206.0,236.0,62.0,4.0,48.0,155.0
2020-12-22,2588.0,273.0,234.0,65.0,2.0,91.0,172.0
2020-12-23,3284.0,300.0,235.0,68.0,2.0,76.0,208.0
2020-12-24,2562.0,251.0,221.0,65.0,2.0,70.0,175.0
2020-12-25,753.0,102.0,221.0,65.0,6.0,41.0,56.0
2020-12-26,1917.0,168.0,228.0,69.0,5.0,46.0,120.0
2020-12-27,1219.0,107.0,233.0,74.0,2.0,22.0,76.0
2020-12-28,3624.0,369.0,244.0,73.0,2.0,67.0,300.0
2020-12-29,4058.0,491.0,246.0,75.0,4.0,111.0,361.0
2020-12-30,4191.0,558.0,231.0,69.0,8.0,137.0,412.0
2020-12-31,3527.0,578.0,222.0,66.0,6.0,147.0,405.0
2021-01-01,1425.0,156.0,222.0,66.0,2.0,36.0,122.0
2021-01-02,2760.0,504.0,232.0,65.0,6.0,93.0,419.0
2021-01-03,2137.0,292.0,235.0,66.0,1.0,68.0,238.0
2021-01-04,4410.0,892.0,260.0,74.0,0.0,200.0,711.0
2021-01-05,6184.0,1276.0,300.0,70.0,4.0,279.0,984.0
2021-01-06,3486.0,621.0,300.0,74.0,4.0,160.0,445.0
2021-01-07,6214.0,1445.0,323.0,75.0,7.0,286.0,1129.0
2021-01-08,7643.0,1606.0,370.0,81.0,3.0,395.0,1214.0
2021-01-09,7048.0,1369.0,401.0,85.0,3.0,343.0,974.0
2021-01-10,4016.0,791.0,407.0,87.0,4.0,213.0,533.0
2021-01-11,8207.0,2068.0,459.0,88.0,7.0,402.0,1585.0
2021-01-12,10858.0,2283.0,539.0,92.0,10.0,565.0,1656.0
2021-01-13,9961.0,2056.0,583.0,98.0,7.0,472.0,1582.0
2021-01-14,10196.0,2005.0,640.0,103.0,15.0,495.0,1521.0
2021-01-15,10115.0,2060.0,672.0,103.0,15.0,461.0,1472.0
2021-01-16,8333.0,1541.0,704.0,103.0,8.0,419.0,1040.0
2021-01-17,6564.0,1015.0,715.0,105.0,13.0,296.0,672.0
2021-01-18,9685.0,1838.0,852.0,119.0,18.0,354.0,1497.0
2021-01-19,11926.0,2052.0,900.0,122.0,22.0,515.0,1470.0
2021-01-20,11865.0,1870.0,970.0,130.0,23.0,449.0,1356.0
2021-01-21,9075.0,1500.0,1041.0,142.0,26.0,383.0,1092.0
2021-01-22,9784.0,1467.0,1057.0,156.0,20.0,419.0,1019.0
2021-01-23,8344.0,1249.0,1068.0,155.0,20.0,429.0,792.0
2021-01-24,5107.0,671.0,1073.0,158.0,29.0,214.0,432.0
2021-01-25,9075.0,1385.0,1136.0,162.0,27.0,368.0,1025.0
2021-01-26,10025.0,1387.0,1095.0,168.0,29.0,403.0,968.0
2021-01-27,9609.0,1016.0,1130.0,167.0,24.0,290.0,681.0
2021-01-28,8121.0,956.0,1090.0,175.0,30.0,303.0,621.0
2021-01-29,8100.0,796.0,1098.0,176.0,25.0,256.0,520.0
2021-01-30,5654.0,679.0,1040.0,168.0,24.0,245.0,414.0
2021-01-31,2263.0,189.0,1045.0,167.0,20.0,56.0,128.0
2021-02-01,6119.0,546.0,1081.0,173.0,23.0,137.0,395.0
2021-02-02,7623.0,709.0,1012.0,175.0,23.0,235.0,446.0
2021-02-03,6022.0,496.0,973.0,174.0,14.0,182.0,307.0
2021-02-04,4869.0,463.0,922.0,176.0,20.0,152.0,296.0
2021-02-05,4673.0,379.0,876.0,165.0,11.0,119.0,248.0
2021-02-06,3845.0,295.0,826.0,166.0,13.0,101.0,186.0
2021-02-07,1619.0,107.0,821.0,165.0,12.0,40.0,67.0
2021-02-08,4456.0,314.0,809.0,164.0,16.0,74.0,229.0
2021-02-09,4504.0,306.0,720.0,157.0,13.0,98.0,177.0
2021-02-10,4411.0,214.0,682.0,152.0,14.0,63.0,149.0
2021-02-11,3749.0,211.0,627.0,147.0,16.0,64.0,141.0
2021-02-12,3721.0,297.0,580.0,138.0,15.0,98.0,180.0
2021-02-13,2635.0,124.0,534.0,132.0,10.0,45.0,77.0
2021-02-14,1133.0,33.0,506.0,130.0,10.0,10.0,24.0
2021-02-15,3443.0,169.0,500.0,121.0,7.0,37.0,122.0
2021-02-16,4158.0,192.0,463.0,119.0,9.0,73.0,115.0
2021-02-17,3198.0,134.0,424.0,110.0,5.0,52.0,80.0
2021-02-18,2702.0,126.0,407.0,112.0,9.0,36.0,90.0
2021-02-19,2208.0,141.0,383.0,109.0,8.0,52.0,83.0
2021-02-20,2374.0,96.0,342.0,106.0,10.0,26.0,63.0
2021-02-21,979.0,34.0,319.0,105.0,4.0,13.0,24.0
2021-02-22,3305.0,114.0,351.0,107.0,4.0,30.0,86.0
2021-02-23,3237.0,130.0,312.0,92.0,3.0,52.0,82.0
2021-02-24,2877.0,113.0,286.0,89.0,4.0,32.0,69.0
2021-02-25,2402.0,88.0,259.0,86.0,14.0,33.0,57.0
2021-02-26,2601.0,92.0,237.0,81.0,6.0,32.0,60.0
2021-02-27,1650.0,43.0,231.0,82.0,4.0,16.0,27.0
2021-02-28,1214.0,59.0,229.0,80.0,2.0,17.0,35.0
2021-03-01,2820.0,72.0,217.0,75.0,5.0,24.0,60.0
2021-03-02,3315.0,98.0,204.0,73.0,6.0,36.0,65.0
2021-03-03,2648.0,88.0,202.0,71.0,1.0,29.0,60.0
2021-03-04,2299.0,105.0,182.0,68.0,4.0,35.0,70.0
2021-03-05,2224.0,71.0,173.0,66.0,5.0,29.0,48.0
2021-03-06,1925.0,64.0,155.0,63.0,2.0,25.0,36.0
2021-03-07,973.0,22.0,153.0,63.0,2.0,4.0,13.0
2021-03-08,2822.0,82.0,159.0,59.0,2.0,36.0,69.0
2021-03-09,2713.0,60.0,157.0,58.0,3.0,17.0,44.0
2021-03-10,2746.0,91.0,150.0,57.0,1.0,45.0,48.0
2021-03-11,2077.0,64.0,134.0,52.0,1.0,28.0,43.0
2021-03-12,2112.0,58.0,136.0,54.0,2.0,21.0,37.0
2021-03-13,1963.0,65.0,138.0,52.0,1.0,25.0,41.0
2021-03-14,1253.0,16.0,135.0,52.0,0.0,1.0,19.0
2021-03-15,3056.0,78.0,145.0,54.0,0.0,24.0,52.0
2021-03-16,2482.0,53.0,135.0,52.0,1.0,14.0,39.0
2021-03-17,2203.0,62.0,127.0,51.0,0.0,21.0,40.0
2021-03-18,1946.0,83.0,127.0,48.0,2.0,33.0,53.0
2021-03-19,760.0,14.0,116.0,48.0,0.0,7.0,8.0
2021-03-20,1875.0,68.0,114.0,43.0,0.0,23.0,46.0
2021-03-21,1188.0,30.0,116.0,43.0,0.0,6.0,26.0
2021-03-22,2715.0,53.0,125.0,44.0,2.0,15.0,50.0
2021-03-23,2808.0,84.0,117.0,43.0,2.0,31.0,60.0
2021-03-24,2453.0,52.0,110.0,40.0,0.0,15.0,38.0
2021-03-25,2108.0,88.0,105.0,41.0,0.0,9.0,29.0
